product_title,brand,product_name,product_identifier
100-140MB/s,,Video Recording Devices,[]
10K Air Operated Control Gun,,Air Operated Control Gun,[]
10K Double Dump Control Gun,,Double Dump Control Gun,[]
10K Dry Shut-Off Gun Handle Assembly,,Dry Shut-Off Gun Handle Assembly,[]
10K Gun Handle,,Gun Handle,[]
10K NPT Barrel,,NPT Barrel,[]
10x10mm Aluminium Profile 200mm – Clear (100180),,Aluminium Profile,[]
12 FT Residential Waterproof Aluminum Decking Light Clay,,Residential Waterproof Aluminum Decking,[]
12L14 Carbon Steel,,Carbon Steel,[]
12ch NVR,,NVR,[]
"15K 1/2"" NPT Long Hard Hitter Nozzles",,Long Hard Hitter Nozzles,[]
"15K Hand Held Dump Gun with 3/8"" NPT Barrel",,Hand Held Dump Gun,[]
15K Hand-Held Double Dump Style Control Gun,,Control Gun,[]
25 mm,,25 mm,[]
5 THINGS YOU SHOULD KNOW ABOUT MY NURSE PRACTITIONER Long Sleeve Tee,,Long Sleeve Tee,[]
64ch XVR,VisionXP,Industrial Video Recorder,[]
"9.6"" Happy Halloween Medium Gift Bag",,Gift Bag,[]
"AOD, 4R70W, AODE Ford Transmission Direct Clutch Hub 1983-up",,Transmission Direct Clutch Hub,['Part_Number: M76575AA']
Ace 200,Reicom Group,Metal Detector,[]
Aquaria Cleaning Products,Aquaria,Cleaning Products,[]
Athens Paper Weight Chart,Athens Paper,Paper Weight Chart,[]
"B42 Vented Lid, B44 Straw Slot Lid, or B46 Drink-Thru Lid",,Vented Lid,[]
CONCEALED CARRY 'ELLA' TOTE/SATCHEL,,Concealed Carry Tote/Satchel,[]
CST-HGD-33103 Hinged Closet Door,CST,Hinged Closet Door,[]
"Commercial, Single Service Plumbing Fittings",,Plumbing Fittings,[]
Cranberry Cart Systems,Armstrong Medical,Cranberry Cart Systems,[]
DVR,VisionXP,DVR,[]
DeRoyal Inline Pneumatic Walker- Standard Open Heel,DeRoyal,Inline Pneumatic Walker,[]
Deep Faucets,,Deep Faucets,[]
Deep Gloss Maintainer for Stainless Steel,,Deep Gloss Maintainer for Stainless Steel,['SKU: 94970590']
Diameter - #10-24,,Diameter - #10-24,[]
Dodge Car Cover,,Car Cover,[]
Ferris Wheel Press EU Fountain Pen Ink,Ferris Wheel Press EU,Fountain Pen Ink,[]
Flexible Fittings,,Flexible Fittings,[]
"Gemini forceps, curved, smooth, double action titanium blue axial",,Gemini Forceps,[]
Glimakra Warping Board (8m),,Warping Board,[]
Golden Technologies Companion 3-Wheel Mid-Size Scooter,Golden Technologies,3-Wheel Mid-Size Scooter,[]
Great Detectors,Dadco Technology CO,Metal Detectors,[]
"Jack, 2 Ton Tripod 02-0234-0111",,Tripod Jack,['Part_Number: 02-0234-0111']
Livin' The Scrub Life - Healthcare Worker Classic T-Shirt,,Classic T-Shirt,[]
Lost Vape Vape Kits,Lost Vape,Vape Kits,[]
MVP Disc Golf Discs,MVP,Disc Golf Discs,[]
NMRV Worm Gearbox Motor,,Worm Gearbox Motor,[]
Nissan R33 GTR Car Cover,,Car Cover,[]
Nutrena® NutreBeef® 37% Range Block,Nutrena,Range Block,[]
OM309-3030-64x1-T 2,,OM309-3030-64x1-T 2,[]
PURELL® Surface Disinfectant,GOJO Industries,Surface Disinfectant,[]
Pawling WG-5 Series End Cap,Pawling Corporation,End Cap,[]
SUPE Scubalamp P33Pro Photography Light,,Photography Light,[]
Seymour 41511 3lb Double Face Drilling Hammer W/Fiberglass Handle,Seymour,Double Face Drilling Hammer,['SKU: 41511']
